<?xml version="1.0" encoding="UTF-8"?>
<reportUnit exportedWithPermissions="true">
    <folder>/SHR_Project_Report/Gurudaspur_UHC</folder>
    <name>Patient_Details___Emergency</name>
    <version>0</version>
    <label>Patient Details - Emergency</label>
    <description>Patient Details - Emergency</description>
    <creationDate>2024-12-02T11:37:30.552+06:00</creationDate>
    <updateDate>2024-12-02T11:37:30.552+06:00</updateDate>
    <mainReport>
        <localResource
            xmlns:xsi="http://www.w3.org/2001/XMLSchema-instance"
            exportedWithPermissions="false" dataFile="main_jrxml.data" xsi:type="fileResource">
            <folder>/SHR_Project_Report/Gurudaspur_UHC/Patient_Details___Emergency_files</folder>
            <name>main_jrxml</name>
            <version>0</version>
            <label>Main jrxml</label>
            <creationDate>2024-12-02T11:37:30.552+06:00</creationDate>
            <updateDate>2024-12-02T11:37:30.552+06:00</updateDate>
            <fileType>jrxml</fileType>
        </localResource>
    </mainReport>
    <dataSource>
        <uri>/datasources/SHR_Project</uri>
    </dataSource>
    <inputControl>
        <localResource
            xmlns:xsi="http://www.w3.org/2001/XMLSchema-instance"
            exportedWithPermissions="false" xsi:type="inputControl">
            <folder>/SHR_Project_Report/Gurudaspur_UHC/Patient_Details___Emergency_files</folder>
            <name>StartDate</name>
            <version>0</version>
            <label>StartDate</label>
            <creationDate>2024-12-02T11:37:30.552+06:00</creationDate>
            <updateDate>2024-12-02T11:37:30.552+06:00</updateDate>
            <type>2</type>
            <mandatory>false</mandatory>
            <readOnly>false</readOnly>
            <visible>true</visible>
            <dataType>
                <localResource exportedWithPermissions="false" xsi:type="dataType">
                    <folder>/SHR_Project_Report/Gurudaspur_UHC/Patient_Details___Emergency_files/StartDate_files</folder>
                    <name>myDatatype</name>
                    <version>0</version>
                    <label>myDatatype</label>
                    <creationDate>2024-12-02T11:37:30.552+06:00</creationDate>
                    <updateDate>2024-12-02T11:37:30.552+06:00</updateDate>
                    <type>4</type>
                    <strictMin>false</strictMin>
                    <strictMax>false</strictMax>
                </localResource>
            </dataType>
        </localResource>
    </inputControl>
    <inputControl>
        <localResource
            xmlns:xsi="http://www.w3.org/2001/XMLSchema-instance"
            exportedWithPermissions="false" xsi:type="inputControl">
            <folder>/SHR_Project_Report/Gurudaspur_UHC/Patient_Details___Emergency_files</folder>
            <name>EndDate</name>
            <version>0</version>
            <label>EndDate</label>
            <creationDate>2024-12-02T11:37:30.552+06:00</creationDate>
            <updateDate>2024-12-02T11:37:30.552+06:00</updateDate>
            <type>2</type>
            <mandatory>false</mandatory>
            <readOnly>false</readOnly>
            <visible>true</visible>
            <dataType>
                <localResource exportedWithPermissions="false" xsi:type="dataType">
                    <folder>/SHR_Project_Report/Gurudaspur_UHC/Patient_Details___Emergency_files/EndDate_files</folder>
                    <name>myDatatype</name>
                    <version>0</version>
                    <label>myDatatype</label>
                    <creationDate>2024-12-02T11:37:30.552+06:00</creationDate>
                    <updateDate>2024-12-02T11:37:30.552+06:00</updateDate>
                    <type>4</type>
                    <strictMin>false</strictMin>
                    <strictMax>false</strictMax>
                </localResource>
            </dataType>
        </localResource>
    </inputControl>
    <alwaysPromptControls>true</alwaysPromptControls>
    <controlsLayout>1</controlsLayout>
</reportUnit>
