<?xml version="1.0" encoding="UTF-8"?>
<folder exportedWithPermissions="true">
    <parent>/SHR_Project_Report</parent>
    <name>Gurudaspur_UHC</name>
    <label>Gurudaspur UHC</label>
    <description>Gurudaspur UHC- OpenMRS report</description>
    <creationDate>2024-11-24T17:36:51.904+06:00</creationDate>
    <updateDate>2024-11-24T17:36:51.904+06:00</updateDate>
    <resource>Admission_form_count_by_users___IPD__Emergency_</resource>
    <resource>Admission_form_count_by_users___IPD__Total_</resource>
    <resource>Admission_form_count_Details</resource>
    <resource>ANC_Patient_Details</resource>
    <resource>ANC_Visit_Number_Count</resource>
    <resource>IPD_Admitted_Patient_Details</resource>
    <resource>Patient_count___Male_Female_Children__Emergency__</resource>
    <resource>Patient_count___Male_Female_Children__OPD_</resource>
    <resource>Patient_count_by_Age_Group__Daily____Emergency</resource>
    <resource>Patient_count_by_Age_Group__Daily___OPD</resource>
    <resource>Patient_Details___Emergency</resource>
    <resource>Patient_Details___OPD</resource>
    <resource>Patient_Details_With_NID_Count</resource>
    <resource>Registration_count_by_users___Emergency</resource>
    <resource>Registration_count_by_users___OPD</resource>
</folder>
