<?xml version="1.0" encoding="UTF-8"?>
<reportUnit exportedWithPermissions="true">
    <folder>/SHR_Project_Report/Gurudaspur_UHC</folder>
    <name>Admission_form_count_by_users___IPD__Emergency_</name>
    <version>5</version>
    <label>Admission form count by users - IPD (Emergency)</label>
    <description>Admission form count by users - IPD (Emergency)</description>
    <creationDate>2024-11-26T14:27:29.332+06:00</creationDate>
    <updateDate>2024-12-02T16:50:05.029+06:00</updateDate>
    <mainReport>
        <localResource
            xmlns:xsi="http://www.w3.org/2001/XMLSchema-instance"
            exportedWithPermissions="false" dataFile="main_jrxml.data" xsi:type="fileResource">
            <folder>/SHR_Project_Report/Gurudaspur_UHC/Admission_form_count_by_users___IPD__Emergency__files</folder>
            <name>main_jrxml</name>
            <version>8</version>
            <label>Main jrxml</label>
            <creationDate>2024-11-26T14:27:29.332+06:00</creationDate>
            <updateDate>2024-12-02T16:50:04.895+06:00</updateDate>
            <fileType>jrxml</fileType>
        </localResource>
    </mainReport>
    <dataSource>
        <uri>/datasources/SHR_Project</uri>
    </dataSource>
    <inputControl>
        <localResource
            xmlns:xsi="http://www.w3.org/2001/XMLSchema-instance"
            exportedWithPermissions="false" xsi:type="inputControl">
            <folder>/SHR_Project_Report/Gurudaspur_UHC/Admission_form_count_by_users___IPD__Emergency__files</folder>
            <name>StartDate</name>
            <version>1</version>
            <label>StartDate</label>
            <creationDate>2024-12-02T16:50:05.029+06:00</creationDate>
            <updateDate>2024-12-02T16:50:05.029+06:00</updateDate>
            <type>2</type>
            <mandatory>false</mandatory>
            <readOnly>false</readOnly>
            <visible>true</visible>
            <dataType>
                <localResource exportedWithPermissions="false" xsi:type="dataType">
                    <folder>/SHR_Project_Report/Gurudaspur_UHC/Admission_form_count_by_users___IPD__Emergency__files/StartDate_files</folder>
                    <name>myDatatype</name>
                    <version>0</version>
                    <label>myDatatype</label>
                    <creationDate>2024-12-02T16:50:05.029+06:00</creationDate>
                    <updateDate>2024-12-02T16:50:05.029+06:00</updateDate>
                    <type>4</type>
                    <strictMin>false</strictMin>
                    <strictMax>false</strictMax>
                </localResource>
            </dataType>
        </localResource>
    </inputControl>
    <inputControl>
        <localResource
            xmlns:xsi="http://www.w3.org/2001/XMLSchema-instance"
            exportedWithPermissions="false" xsi:type="inputControl">
            <folder>/SHR_Project_Report/Gurudaspur_UHC/Admission_form_count_by_users___IPD__Emergency__files</folder>
            <name>EndDate</name>
            <version>1</version>
            <label>EndDate</label>
            <creationDate>2024-12-02T16:50:05.029+06:00</creationDate>
            <updateDate>2024-12-02T16:50:05.029+06:00</updateDate>
            <type>2</type>
            <mandatory>false</mandatory>
            <readOnly>false</readOnly>
            <visible>true</visible>
            <dataType>
                <localResource exportedWithPermissions="false" xsi:type="dataType">
                    <folder>/SHR_Project_Report/Gurudaspur_UHC/Admission_form_count_by_users___IPD__Emergency__files/EndDate_files</folder>
                    <name>myDatatype</name>
                    <version>0</version>
                    <label>myDatatype</label>
                    <creationDate>2024-12-02T16:50:05.029+06:00</creationDate>
                    <updateDate>2024-12-02T16:50:05.029+06:00</updateDate>
                    <type>4</type>
                    <strictMin>false</strictMin>
                    <strictMax>false</strictMax>
                </localResource>
            </dataType>
        </localResource>
    </inputControl>
    <resource>
        <localResource
            xmlns:xsi="http://www.w3.org/2001/XMLSchema-instance"
            exportedWithPermissions="false"
            dataFile="Gurudaspur_report.png.data" xsi:type="fileResource">
            <folder>/SHR_Project_Report/Gurudaspur_UHC/Admission_form_count_by_users___IPD__Emergency__files</folder>
            <name>Gurudaspur_report.png</name>
            <version>6</version>
            <label>Gurudaspur report.png</label>
            <creationDate>2024-11-26T14:27:29.332+06:00</creationDate>
            <updateDate>2024-12-02T16:50:04.951+06:00</updateDate>
            <fileType>img</fileType>
        </localResource>
    </resource>
    <alwaysPromptControls>true</alwaysPromptControls>
    <controlsLayout>1</controlsLayout>
</reportUnit>
