<?xml version="1.0" encoding="UTF-8"?>
<reportUnit exportedWithPermissions="true">
    <folder>/SHR_Project_Report/Gurudaspur_UHC</folder>
    <name>ANC_Visit_Number_Count</name>
    <version>4</version>
    <label>ANC Visit Number Count</label>
    <description>ANC Visit Number Count</description>
    <creationDate>2024-12-02T16:36:40.924+06:00</creationDate>
    <updateDate>2024-12-02T16:57:50.087+06:00</updateDate>
    <mainReport>
        <localResource
            xmlns:xsi="http://www.w3.org/2001/XMLSchema-instance"
            exportedWithPermissions="false" dataFile="main_jrxml.data" xsi:type="fileResource">
            <folder>/SHR_Project_Report/Gurudaspur_UHC/ANC_Visit_Number_Count_files</folder>
            <name>main_jrxml</name>
            <version>6</version>
            <label>Main jrxml</label>
            <creationDate>2024-12-02T16:36:40.924+06:00</creationDate>
            <updateDate>2024-12-02T16:57:49.974+06:00</updateDate>
            <fileType>jrxml</fileType>
        </localResource>
    </mainReport>
    <dataSource>
        <uri>/datasources/SHR_Project</uri>
    </dataSource>
    <inputControl>
        <localResource
            xmlns:xsi="http://www.w3.org/2001/XMLSchema-instance"
            exportedWithPermissions="false" xsi:type="inputControl">
            <folder>/SHR_Project_Report/Gurudaspur_UHC/ANC_Visit_Number_Count_files</folder>
            <name>StartDate</name>
            <version>1</version>
            <label>StartDate</label>
            <creationDate>2024-12-02T16:57:50.087+06:00</creationDate>
            <updateDate>2024-12-02T16:57:50.087+06:00</updateDate>
            <type>2</type>
            <mandatory>false</mandatory>
            <readOnly>false</readOnly>
            <visible>true</visible>
            <dataType>
                <localResource exportedWithPermissions="false" xsi:type="dataType">
                    <folder>/SHR_Project_Report/Gurudaspur_UHC/ANC_Visit_Number_Count_files/StartDate_files</folder>
                    <name>myDatatype</name>
                    <version>0</version>
                    <label>myDatatype</label>
                    <creationDate>2024-12-02T16:57:50.087+06:00</creationDate>
                    <updateDate>2024-12-02T16:57:50.087+06:00</updateDate>
                    <type>4</type>
                    <strictMin>false</strictMin>
                    <strictMax>false</strictMax>
                </localResource>
            </dataType>
        </localResource>
    </inputControl>
    <inputControl>
        <localResource
            xmlns:xsi="http://www.w3.org/2001/XMLSchema-instance"
            exportedWithPermissions="false" xsi:type="inputControl">
            <folder>/SHR_Project_Report/Gurudaspur_UHC/ANC_Visit_Number_Count_files</folder>
            <name>EndDate</name>
            <version>1</version>
            <label>EndDate</label>
            <creationDate>2024-12-02T16:57:50.087+06:00</creationDate>
            <updateDate>2024-12-02T16:57:50.087+06:00</updateDate>
            <type>2</type>
            <mandatory>false</mandatory>
            <readOnly>false</readOnly>
            <visible>true</visible>
            <dataType>
                <localResource exportedWithPermissions="false" xsi:type="dataType">
                    <folder>/SHR_Project_Report/Gurudaspur_UHC/ANC_Visit_Number_Count_files/EndDate_files</folder>
                    <name>myDatatype</name>
                    <version>0</version>
                    <label>myDatatype</label>
                    <creationDate>2024-12-02T16:57:50.087+06:00</creationDate>
                    <updateDate>2024-12-02T16:57:50.087+06:00</updateDate>
                    <type>4</type>
                    <strictMin>false</strictMin>
                    <strictMax>false</strictMax>
                </localResource>
            </dataType>
        </localResource>
    </inputControl>
    <resource>
        <localResource
            xmlns:xsi="http://www.w3.org/2001/XMLSchema-instance"
            exportedWithPermissions="false"
            dataFile="Gurudaspur_report.png.data" xsi:type="fileResource">
            <folder>/SHR_Project_Report/Gurudaspur_UHC/ANC_Visit_Number_Count_files</folder>
            <name>Gurudaspur_report.png</name>
            <version>4</version>
            <label>Gurudaspur report.png</label>
            <creationDate>2024-12-02T16:36:40.924+06:00</creationDate>
            <updateDate>2024-12-02T16:57:50.023+06:00</updateDate>
            <fileType>img</fileType>
        </localResource>
    </resource>
    <alwaysPromptControls>true</alwaysPromptControls>
    <controlsLayout>1</controlsLayout>
</reportUnit>
