<?xml version="1.0" encoding="UTF-8"?>
<folder exportedWithPermissions="true">
    <parent>/themes/default</parent>
    <name>common</name>
    <label>common</label>
    <creationDate>2024-11-24T14:48:30.667+06:00</creationDate>
    <updateDate>2016-06-30T08:00:40.626+06:00</updateDate>
    <resource>base.css</resource>
    <resource>controls.css</resource>
    <resource>dialog.css</resource>
    <resource>js_reset.css</resource>
    <resource>layout.css</resource>
    <resource>modules.css</resource>
    <resource>state.css</resource>
    <resource>utility.css</resource>
</folder>
