<?xml version="1.0" encoding="UTF-8"?>
<mondrianXmlaDefinition exportedWithPermissions="true">
    <folder>/analysis/xmla/definitions</folder>
    <name>FoodmartXmlaDefinition</name>
    <version>0</version>
    <label>Foodmart Mondrian XMLA definition</label>
    <description>Foodmart Mondrian XMLA definition</description>
    <creationDate>2024-11-24T14:48:34.254+06:00</creationDate>
    <updateDate>2016-06-30T08:01:11.796+06:00</updateDate>
    <catalog>Foodmart</catalog>
    <mondrianConnection>
        <uri>/analysis/connections/Foodmart</uri>
    </mondrianConnection>
</mondrianXmlaDefinition>
