<?xml version="1.0" encoding="UTF-8"?>
<jdbcDataSource exportedWithPermissions="true">
    <folder>/datasources</folder>
    <name>SHR_Project</name>
    <version>0</version>
    <label>SHR-Project</label>
    <creationDate>2024-12-04T13:30:03.254+06:00</creationDate>
    <updateDate>2024-11-24T15:21:59.031+06:00</updateDate>
    <driver>com.mysql.jdbc.Driver</driver>
    <connectionUrl>jdbc:mysql://localhost:3306/openmrs</connectionUrl>
    <connectionUser>root</connectionUser>
    <connectionPassword>ENC&lt;8093FC865432A824C35AF5D476334978&gt;</connectionPassword>
    <timezone>Asia/Dhaka</timezone>
</jdbcDataSource>
