<?xml version="1.0" encoding="UTF-8"?>
<virtualDataSource exportedWithPermissions="true">
    <folder>/datasources</folder>
    <name>SugarFoodmartVDS</name>
    <version>1</version>
    <label>SugarCRM-Foodmart Virtual Data Source</label>
    <description>Virtual Data Source Combining SugarCRM and Foodmart</description>
    <creationDate>2024-12-04T13:30:03.474+06:00</creationDate>
    <updateDate>2016-06-30T08:01:11.362+06:00</updateDate>
    <dataSource>
        <alias>FoodmartDataSource</alias>
        <dataSourceReference>
            <uri>/analysis/datasources/FoodmartDataSourceJNDI</uri>
        </dataSourceReference>
    </dataSource>
    <dataSource>
        <alias>SugarCRMDataSource</alias>
        <dataSourceReference>
            <uri>/analysis/datasources/SugarCRMDataSourceJNDI</uri>
        </dataSourceReference>
    </dataSource>
</virtualDataSource>
