<?xml version="1.0" encoding="UTF-8"?>
<folder exportedWithPermissions="true">
    <parent>/</parent>
    <name>datasources</name>
    <label>Data Sources</label>
    <description>Data Sources used by reports</description>
    <creationDate>2024-11-24T14:48:29.510+06:00</creationDate>
    <updateDate>2016-06-30T08:01:10.830+06:00</updateDate>
    <resource>JServerJdbcDS</resource>
    <resource>JServerJNDIDS</resource>
    <resource>repositoryDS</resource>
    <resource>SHR_Project</resource>
    <resource>SugarFoodmartVDS</resource>
    <permission>
        <permissionMask>32</permissionMask>
        <recipient recipientType="role">ROLE_USER</recipient>
    </permission>
</folder>
