<?xml version="1.0" encoding="UTF-8"?>
<jndiJdbcDataSource exportedWithPermissions="true">
    <folder>/datasources</folder>
    <name>repositoryDS</name>
    <version>0</version>
    <label>Jasperserver Repository SQL data source</label>
    <description>Jasperserver Repository SQL data source for reporting</description>
    <creationDate>2024-11-24T14:48:31.282+06:00</creationDate>
    <updateDate>2016-06-30T08:01:10.856+06:00</updateDate>
    <permission>
        <permissionMask>0</permissionMask>
        <recipient recipientType="role">ROLE_USER</recipient>
    </permission>
    <jndiName>jdbc/jasperserver</jndiName>
</jndiJdbcDataSource>
