<?xml version="1.0" encoding="UTF-8"?>
<folder exportedWithPermissions="true">
    <name>/</name>
    <label>root</label>
    <description>Root of the folder hierarchy</description>
    <creationDate>2024-12-04T12:39:35.757+06:00</creationDate>
    <updateDate>2016-06-30T08:00:38.799+06:00</updateDate>
    <folder>analysis</folder>
    <folder>ContentFiles</folder>
    <folder>datasources</folder>
    <folder>images</folder>
    <folder>jdbc</folder>
    <folder>reports</folder>
    <folder>SHR_Project_Report</folder>
    <folder>themes</folder>
    <permission>
        <permissionMask>2</permissionMask>
        <recipient recipientType="role">ROLE_USER</recipient>
    </permission>
    <permission>
        <permissionMask>1</permissionMask>
        <recipient recipientType="role">ROLE_ADMINISTRATOR</recipient>
    </permission>
</folder>
