<?xml version="1.0" encoding="UTF-8"?>
<mondrianConnection exportedWithPermissions="true">
    <folder>/analysis/connections</folder>
    <name>SugarCRM</name>
    <version>0</version>
    <label>SugarCRM</label>
    <description>SugarCRM Mondrian Analysis Connection: only opportunities</description>
    <creationDate>2024-11-24T14:48:31.840+06:00</creationDate>
    <updateDate>2016-06-30T08:01:11.547+06:00</updateDate>
    <schema>
        <uri>/analysis/schemas/SugarCRMSchema</uri>
    </schema>
    <dataSource>
        <uri>/analysis/datasources/SugarCRMDataSourceJNDI</uri>
    </dataSource>
</mondrianConnection>
