<?xml version="1.0" encoding="UTF-8"?>
<mondrianConnection exportedWithPermissions="true">
    <folder>/analysis/connections</folder>
    <name>Foodmart</name>
    <version>0</version>
    <label>Foodmart</label>
    <description>Foodmart Mondrian Analysis Connection</description>
    <creationDate>2024-11-24T14:48:31.676+06:00</creationDate>
    <updateDate>2016-06-30T08:01:11.448+06:00</updateDate>
    <schema>
        <uri>/analysis/schemas/FoodmartSchema</uri>
    </schema>
    <dataSource>
        <uri>/analysis/datasources/FoodmartDataSourceJNDI</uri>
    </dataSource>
</mondrianConnection>
