<?xml version="1.0" encoding="UTF-8"?>
<fileResource exportedWithPermissions="true" dataFile="FoodmartSchemaUpper.data">
    <folder>/analysis/schemas</folder>
    <name>FoodmartSchemaUpper</name>
    <version>0</version>
    <label>Foodmart Schema Uppercase</label>
    <description>Foodmart Analysis Schema Uppercase</description>
    <creationDate>2024-11-24T14:48:32.117+06:00</creationDate>
    <updateDate>2016-06-30T08:01:11.107+06:00</updateDate>
    <fileType>olapMondrianSchema</fileType>
</fileResource>
