<?xml version="1.0" encoding="UTF-8"?>
<fileResource exportedWithPermissions="true" dataFile="SugarCRMSchemaUpper.data">
    <folder>/analysis/schemas</folder>
    <name>SugarCRMSchemaUpper</name>
    <version>0</version>
    <label>SugarCRM Schema Uppercase</label>
    <description>SugarCRM Analysis Schema Upper Case</description>
    <creationDate>2024-11-24T14:48:32.164+06:00</creationDate>
    <updateDate>2016-06-30T08:01:11.174+06:00</updateDate>
    <fileType>olapMondrianSchema</fileType>
</fileResource>
