<?xml version="1.0" encoding="UTF-8"?>
<fileResource exportedWithPermissions="true" dataFile="SugarCRMSchemaUpper.data">
    <folder>/analysis/schemas</folder>
    <name>SugarCRMSchemaUpper</name>
    <version>1</version>
    <label>SugarCRM Schema Uppercase</label>
    <description>SugarCRM Analysis Schema Upper Case</description>
    <creationDate>2024-12-04T13:30:04.387+06:00</creationDate>
    <updateDate>2016-06-30T08:01:11.174+06:00</updateDate>
    <fileType>olapMondrianSchema</fileType>
</fileResource>
