<?xml version="1.0" encoding="UTF-8"?>
<folder exportedWithPermissions="true">
    <parent>/</parent>
    <name>analysis</name>
    <label>Analysis Components</label>
    <description>Analysis Components</description>
    <creationDate>2024-11-24T14:48:29.400+06:00</creationDate>
    <updateDate>2016-06-30T08:01:10.892+06:00</updateDate>
    <folder>connections</folder>
    <folder>datasources</folder>
    <folder>reports</folder>
    <folder>schemas</folder>
    <folder>views</folder>
    <folder>xmla</folder>
</folder>
