<?xml version="1.0" encoding="UTF-8"?>
<mondrianXmlaDefinition exportedWithPermissions="true">
    <folder>/analysis/xmla/definitions</folder>
    <name>SugarCRMXmlaDefinition</name>
    <version>1</version>
    <label>SugarCRM Mondrian XMLA definition</label>
    <description>SugarCRM Mondrian XMLA definition</description>
    <creationDate>2024-12-04T13:30:08.279+06:00</creationDate>
    <updateDate>2016-06-30T08:01:11.845+06:00</updateDate>
    <catalog>SugarCRM</catalog>
    <mondrianConnection>
        <uri>/analysis/connections/SugarCRM</uri>
    </mondrianConnection>
</mondrianXmlaDefinition>
